STOCK_EXCHANGE,STOCK_SYMBOL,INTERVEL ,NO OF  DAYS,STOCK NAME
NSE,KANANIIND,86400,4000,Kanani Industries Limited
NSE,APLAPOLLO,86400,4000,APL Apollo Tubes Limited
NSE,VIKASECO,86400,4000,Vikas EcoTech Limited
NSE,RASOYPR,86400,4000,Rasoya Proteins Limited
NSE,SHARONBIO,86400,4000,Sharon Bio-Medicine Limited
NSE,POLYMED,86400,4000,Poly Medicure Limited
NSE,RUPA,86400,4000,Rupa & Company Limited
NSE,DSSL,86400,4000,Dynacons Systems & Solutions Limited
NSE,JISLDVREQS,86400,4000,Jain Irrigation Systems Limited
NSE,SEZAL,86400,4000,Sezal Glass Limited
NSE,ESSARSHPNG,86400,4000,Essar Shipping Limited
NSE,INDOTHAI,86400,4000,Indo Thai Securities Limited
NSE,TRITURBINE,86400,4000,Triveni Turbine Limited
NSE,UJAAS,86400,4000,Ujaas Energy Limited
NSE,FLEXITUFF,86400,4000,Flexituff International Limited
NSE,ONELIFECAP,86400,4000,Onelife Capital Advisors Limited
NSE,SEINV,86400,4000,S.E. Investments Limited
NSE,TIJARIA,86400,4000,Tijaria Polypipes Limited
NSE,PRAKASHCON,86400,4000,Prakash Constrowell Limited
NSE,PANAMAPET,86400,4000,Panama Petrochem Limited
NSE,PGEL,86400,4000,PG Electroplast Limited
NSE,APLLTD,86400,4000,Alembic Pharmaceuticals Limited
NSE,VASWANI,86400,4000,Vaswani Industries Limited
NSE,SRSLTD,86400,4000,SRS Limited
NSE,TECHIN,86400,4000,Techindia Nirman Limited
NSE,CIMMCO,86400,4000,Cimmco Limited
NSE,TDPOWERSYS,86400,4000,TD Power Systems Limited
NSE,BROOKS,86400,4000,Brooks Laboratories Limited
NSE,FILATEX,86400,4000,Filatex India Limited
NSE,ASAHISONG,86400,4000,Asahi Songwon Colors Limited
NSE,TREEHOUSE,86400,4000,Tree House Education & Accessories Limited
NSE,WINSOME,86400,4000,Winsome Yarns Limited
NSE,GAYAPROJ,86400,4000,Gayatri Projects Limited
NSE,BODALCHEM,86400,4000,Bodal Chemicals Limited
NSE,SORILHOLD,86400,4000,SORIL Holdings and Ventures Limited
NSE,WINDMACHIN,86400,4000,Windsor Machines Limited
NSE,L&TFH,86400,4000,L&T Finance Holdings Limited
NSE,ELGIRUBCO,86400,4000,Elgi Rubber Company Limited
NSE,INVENTURE,86400,4000,Inventure Growth & Securities Limited
NSE,BGLOBAL,86400,4000,Bharatiya Global Infomedia Limited
NSE,RUSHIL,86400,4000,Rushil Decor Limited
NSE,MAITHANALL,86400,4000,Maithan Alloys Limited
NSE,KWALITY,86400,4000,kwality limited
NSE,ASHIANA,86400,4000,Ashiana Housing Limited
NSE,DHANUKA,86400,4000,Dhanuka Agritech Limited
NSE,KARMAENG,86400,4000,Karma Energy Limited
NSE,WEIZFOREX,86400,4000,Weizmann Forex Limited
NSE,DQE,86400,4000,DQ Entertainment (International) Limited
NSE,ESTER,86400,4000,Ester Industries Limited
NSE,VSTTILLERS,86400,4000,V.S.T Tillers Tractors Limited
NSE,RELAXO,86400,4000,Relaxo Footwears Limited
NSE,OMMETALS,86400,4000,OM Metals Infraprojects Limited
NSE,JVLAGRO,86400,4000,JVL Agro Industries Limited
NSE,VADILALIND,86400,4000,Vadilal Industries Limited
NSE,SYMPHONY,86400,4000,Symphony Limited
NSE,PIIND,86400,4000,PI Industries Limited
NSE,SANGHVIFOR,86400,4000,Sanghvi Forging and Engineering Limited
NSE,SERVALL,86400,4000,Servalakshmi Paper Limited
NSE,MUTHOOTFIN,86400,4000,Muthoot Finance Limited
NSE,TCIDEVELOP,86400,4000,TCI Developers Limited
NSE,SHILPI,86400,4000,Shilpi Cable Technologies Limited
NSE,PFS,86400,4000,PTC India Financial Services Limited
NSE,LOVABLE,86400,4000,Lovable Lingerie Limited
NSE,DHUNINV,86400,4000,Dhunseri Investments Limited
NSE,INDTERRAIN,86400,4000,Indian Terrain Fashions Limited
NSE,HFCL,86400,4000,Himachal Futuristic Communications Limited
NSE,TEXRAIL,86400,4000,Texmaco Rail & Engineering Limited
NSE,HINDMOTORS,86400,4000,Hindustan Motors Limited
NSE,BILENERGY,86400,4000,Bil Energy Systems Limited
NSE,JUBLINDS,86400,4000,Jubilant Industries Limited
NSE,OMKARCHEM,86400,4000,Omkar Speciality Chemicals Limited
NSE,STEL,86400,4000,Stel Holdings Limited
NSE,SUMMITSEC,86400,4000,Summit Securities Limited
NSE,DALMIABHA,86400,4000,Dalmia Bharat Limited
NSE,KICL,86400,4000,Kalyani Investment Company Limited
NSE,BFINVEST,86400,4000,BF Investment Limited
NSE,SPYL,86400,4000,Shekhawati Poly-Yarn Limited
NSE,SURANASOL,86400,4000,Surana Solar Limited
NSE,FMNL,86400,4000,Future Market Networks Limited
NSE,PSB,86400,4000,Punjab & Sind Bank
NSE,RKDL,86400,4000,Ravi Kumar Distilleries Limited
NSE,KIRLOSENG,86400,4000,Kirloskar Oil Engines Limited
NSE,A2ZINFRA,86400,4000,A2Z Infra Engineering Limited
NSE,KTIL,86400,4000,Kesar Terminals & Infrastructure Limited
NSE,ZEELEARN,86400,4000,Zee Learn Limited
NSE,MOIL,86400,4000,MOIL Limited
NSE,SUMEETINDS,86400,4000,Sumeet Industries Limited
NSE,JAMNAAUTO,86400,4000,Jamna Auto Industries Limited
NSE,NET4,86400,4000,Net 4 India Limited
NSE,RPPINFRA,86400,4000,R.P.P. Infra Projects Limited
NSE,JINDWORLD,86400,4000,Jindal Worldwide Limited
NSE,PENIND,86400,4000,Pennar Industries Limited
NSE,GRAVITA,86400,4000,Gravita India Limited
NSE,TECHNO,86400,4000,Techno Electric & Engineering Company Limited
NSE,IOLCP,86400,4000,IOL Chemicals and Pharmaceuticals Limited
NSE,ANDHRACEMT,86400,4000,Andhra Cements Limited
NSE,COALINDIA,86400,4000,Coal India Limited
NSE,CGCL,86400,4000,Capri Global Capital Limited
NSE,RESPONIND,86400,4000,Responsive Industries Limited
NSE,BSLIMITED,86400,4000,BS Limited
NSE,PRESTIGE,86400,4000,Prestige Estates Projects Limited
NSE,GAL,86400,4000,Gyscoal Alloys Limited
NSE,OBEROIRLTY,86400,4000,Oberoi Realty Limited
NSE,CEBBCO,86400,4000,Commercial Engineers & Body Builders Co Limited
NSE,ASHOKA,86400,4000,Ashoka Buildcon Limited
NSE,BEDMUTHA,86400,4000,Bedmutha Industries Limited
NSE,WABAG,86400,4000,VA Tech Wabag Limited
NSE,CANTABIL,86400,4000,Cantabil Retail India Limited
NSE,GALLISPAT,86400,4000,Gallantt Ispat Limited
NSE,ESL,86400,4000,Electrosteel Steels Limited
NSE,GREENPOWER,86400,4000,Orient Green Power Company Limited
NSE,RAMKY,86400,4000,Ramky Infrastructure Limited
NSE,CAREERP,86400,4000,Career Point Limited
NSE,EROSMEDIA,86400,4000,Eros International Media Limited
NSE,SASTASUNDR,86400,4000,Sastasundar Ventures Limited
NSE,ORISSAMINE,86400,4000,The Orissa Minerals Development Company Limited
NSE,DEEPAKNTR,86400,4000,Deepak Nitrite Limited
NSE,DIAPOWER,86400,4000,Diamond Power Infra Ltd
NSE,KILITCH,86400,4000,Kilitch Drugs (India) Limited
NSE,INDOSOLAR,86400,4000,Indosolar Limited
NSE,WELINV,86400,4000,Welspun Investments and Commercials Limited
NSE,HINDCOPPER,86400,4000,Hindustan Copper Limited
NSE,ADFFOODS,86400,4000,ADF Foods Limited
NSE,GPPL,86400,4000,Gujarat Pipavav Port Limited
NSE,PRAKASHSTL,86400,4000,Prakash Steelage Limited
NSE,UGARSUGAR,86400,4000,The Ugar Sugar Works Limited
NSE,PDPL,86400,4000,Parenteral Drugs (India) Limited
NSE,BAJAJCORP,86400,4000,Bajaj Corp Limited
NSE,FARMAXIND,86400,4000,Farmax India Limited
NSE,IITL,86400,4000,Industrial Investment Trust Limited
NSE,BHARATFIN,86400,4000,Bharat Financial Inclusion Limited
NSE,AHLEAST,86400,4000,Asian Hotels (East) Limited
NSE,AHLWEST,86400,4000,Asian Hotels (West) Limited
NSE,USHERAGRO,86400,4000,Usher Agro Limited
NSE,EMAMIINFRA,86400,4000,Emami Infrastructure Limited
NSE,BLISSGVS,86400,4000,Bliss GVS Pharma Limited
NSE,IMFA,86400,4000,Indian Metals & Ferro Alloys Limited
NSE,HMVL,86400,4000,Hindustan Media Ventures Limited
NSE,TECHNOFAB,86400,4000,Technofab Engineering Limited
NSE,TI,86400,4000,Tilaknagar Industries Limited
NSE,UMESLTD,86400,4000,Usha Martin Education & Solutions Limited
NSE,PARABDRUGS,86400,4000,Parabolic Drugs Limited
NSE,KIRLOSIND,86400,4000,Kirloskar Industries Limited
NSE,PIONDIST,86400,4000,Pioneer Distilleries Limited
NSE,RAINBOWPAP,86400,4000,Rainbow Papers Limited
NSE,SUNDARAM,86400,4000,Sundaram Multi Pap Limited
NSE,GUJNREDVR,86400,4000,Gujarat NRE Coke Limited
NSE,JPINFRATEC,86400,4000,Jaypee Infratech Limited
NSE,SJVN,86400,4000,SJVN Limited
NSE,MANDHANA,86400,4000,Mandhana Industries Limited
NSE,KSL,86400,4000,Kalyani Steels Limited
NSE,TARAPUR,86400,4000,Tarapur Transformers Limited
NSE,NITESHEST,86400,4000,Nitesh Estates Limited
NSE,TALWALKARS,86400,4000,Talwalkars Better Value Fitness Limited
NSE,KIRLOSBROS,86400,4000,Kirloskar Brothers Limited
NSE,ISFT,86400,4000,Intrasoft Technologies Limited
NSE,ASIANHOTNR,86400,4000,Asian Hotels (North) Limited
NSE,PERSISTENT,86400,4000,Persistent Systems Limited
NSE,WHIRLPOOL,86400,4000,Whirlpool of India Limited
NSE,PRADIP,86400,4000,Pradip Overseas Limited
NSE,IL&FSTRANS,86400,4000,IL&FS Transportation Networks Limited
NSE,LGBBROSLTD,86400,4000,LG Balakrishnan & Bros Limited
NSE,TRF,86400,4000,TRF Limited
NSE,UNITEDBNK,86400,4000,United Bank of India
NSE,MANINFRA,86400,4000,Man Infraconstruction Limited
NSE,TEXMOPIPES,86400,4000,Texmo Pipes and Products Limited
NSE,DEEPIND,86400,4000,Deep Industries Limited
NSE,KECL,86400,4000,Kirloskar Electric Company Limited
NSE,SMPL,86400,4000,Splendid Metal Products Limited
NSE,ARSSINFRA,86400,4000,ARSS Infrastructure Projects Limited
NSE,ORIENTLTD,86400,4000,Orient Press Limited
NSE,HATHWAY,86400,4000,Hathway Cable & Datacom Limited
NSE,DBREALTY,86400,4000,D B Realty Limited
NSE,EMMBI,86400,4000,Emmbi Industries Limited
NSE,THANGAMAYL,86400,4000,Thangamayil Jewellery Limited
NSE,SYNCOM,86400,4000,Syncom Healthcare Limited
NSE,VASCONEQ,86400,4000,Vascon Engineers Limited
NSE,JUBLFOOD,86400,4000,Jubilant Foodworks Limited
NSE,INFINITE,86400,4000,Infinite Computer Solutions (India) Limited
NSE,MBLINFRA,86400,4000,MBL Infrastructures Limited
NSE,NESTLEIND,86400,4000,Nestle India Limited
NSE,BAYERCROP,86400,4000,Bayer Cropscience Limited
NSE,ABBOTINDIA,86400,4000,Abbott India Limited
NSE,DBCORP,86400,4000,D.B.Corp Limited
NSE,GODREJPROP,86400,4000,Godrej Properties Limited
NSE,JSWENERGY,86400,4000,JSW Energy Limited
NSE,DLINKINDIA,86400,4000,D-Link (India) Limited
NSE,GILLANDERS,86400,4000,Gillanders Arbuthnot & Company Limited
NSE,ARSHIYA,86400,4000,Arshiya Limited
NSE,AHLUCONT,86400,4000,Ahluwalia Contracts (India) Limited
NSE,COX&KINGS,86400,4000,Cox & Kings Limited
NSE,REFEX,86400,4000,Refex Industries Limited
NSE,SARDAEN,86400,4000,Sarda Energy & Minerals Limited
NSE,SHILPAMED,86400,4000,Shilpa Medicare Limited
NSE,ASTEC,86400,4000,Astec LifeSciences Limited
NSE,DEN,86400,4000,Den Networks Limited
NSE,ZYDUSWELL,86400,4000,Zydus Wellness Limited
NSE,SUNTECK,86400,4000,Sunteck Realty Limited
NSE,RTNPOWER,86400,4000,RattanIndia Power Limited
NSE,SQSBFSI,86400,4000,SQS India BFSI Limited
NSE,EUROMULTI,86400,4000,Euro Multivision Limited
NSE,RDEL,86400,4000,Reliance Defence and Engineering Limited
NSE,OIL,86400,4000,Oil India Limited
NSE,GLOBUSSPR,86400,4000,Globus Spirits Limited
NSE,JINDCOT,86400,4000,Jindal Cotex Limited
NSE,NHPC,86400,4000,NHPC Limited
NSE,ADANIPOWER,86400,4000,Adani Power Limited
NSE,RAJOIL,86400,4000,Raj Oil Mills Limited
NSE,EXCEL,86400,4000,Excel Realty N Infra Limited
NSE,VINATIORGA,86400,4000,Vinati Organics Limited
NSE,GKWLIMITED,86400,4000,GKW Limited
NSE,MHRIL,86400,4000,Mahindra Holidays & Resorts India Limited
NSE,AJMERA,86400,4000,Ajmera Realty & Infra India Limited
NSE,ARROWTEX,86400,4000,Arrow Textiles Limited
NSE,HINDNATGLS,86400,4000,Hindusthan National Glass & Industries Limited
NSE,HARITASEAT,86400,4000,Harita Seating Systems Limited
NSE,MAWANASUG,86400,4000,Mawana Sugars Limited
NSE,FELDVR,86400,4000,Future Enterprises Limited
NSE,GISOLUTION,86400,4000,GI Engineering Solutions Limited
NSE,COUNCODOS,86400,4000,Country Condo's Limited
NSE,JIKIND,86400,4000,JIK Industries Limited
NSE,REIAGROLTD,86400,4000,Rei Agro Limited
NSE,ALKALI,86400,4000,Alkali Metals Limited
NSE,TATAMTRDVR,86400,4000,Tata Motors Limited
NSE,NEULANDLAB,86400,4000,Neuland Laboratories Limited
NSE,INDBANK,86400,4000,Indbank Merchant Banking Services Limited
NSE,JOCIL,86400,4000,Jocil Limited
NSE,20MICRONS,86400,4000,20 Microns Limited
NSE,WABCOINDIA,86400,4000,WABCO India Limited
NSE,AUSTRAL,86400,4000,Austral Coke & Projects Limited
NSE,NUTEK,86400,4000,Nu Tek India Limited
NSE,SICAGEN,86400,4000,Sicagen India Limited
NSE,LPDC,86400,4000,Landmark Property Development Company Limited
NSE,LGBFORGE,86400,4000,LGB Forge Limited
NSE,OISL,86400,4000,OCL Iron and Steel Limited
NSE,KOKUYOCMLN,86400,4000,Kokuyo Camlin Limited
NSE,UBL,86400,4000,United Breweries Limited
NSE,VINYLINDIA,86400,4000,Vinyl Chemicals (India) Limited
NSE,KSK,86400,4000,KSK Energy Ventures Limited
NSE,LOTUSEYE,86400,4000,Lotus Eye Care Hospital Limited
NSE,FIRSTWIN,86400,4000,First Winner Industries Limited
NSE,ARCHIDPLY,86400,4000,Archidply Industries Limited
NSE,GET&D,86400,4000,GE T&D India Limited
NSE,MVL,86400,4000,MVL Limited
NSE,METKORE,86400,4000,Metkore Alloys & Industries Limited
NSE,RANEENGINE,86400,4000,Rane Engine Valve Limited
NSE,RBL,86400,4000,Rane Brake Lining Limited
NSE,ALMONDZ,86400,4000,Almondz Global Securities Limited
NSE,RPGLIFE,86400,4000,RPG Life Sciences Limited
NSE,GOKUL,86400,4000,Gokul Refoils and Solvent Limited
NSE,PIRPHYTO,86400,4000,Piramal Phytocare Limited
NSE,SURANACORP,86400,4000,Surana Corporation Limited
NSE,SPICEMOBI,86400,4000,Spice Mobility Limited
NSE,BAJAJFINSV,86400,4000,Bajaj Finserv Limited
NSE,BAJAJ-AUTO,86400,4000,Bajaj Auto Limited
NSE,VIJSHAN,86400,4000,Vijay Shanthi Builders Limited
NSE,UBHOLDINGS,86400,4000,United Breweries (Holdings) Limited
NSE,ANIKINDS,86400,4000,Anik Industries Limited
NSE,KIRIINDUS,86400,4000,Kiri Industries Limited
NSE,TWL,86400,4000,Titagarh Wagons Limited
NSE,DPSCLTD,86400,4000,DPSC Limited
NSE,EIHAHOTELS,86400,4000,EIH Associated Hotels Limited
NSE,NESCO,86400,4000,Nesco Limited
NSE,SITASHREE,86400,4000,Sita Shree Food Products Limited
NSE,GAMMNINFRA,86400,4000,Gammon Infrastructure Projects Limited
NSE,IBVENTURES,86400,4000,Indiabulls Ventures Limited
NSE,BALLARPUR,86400,4000,Ballarpur Industries Limited
NSE,VGUARD,86400,4000,V-Guard Industries Limited
NSE,RECLTD,86400,4000,Rural Electrification Corporation Limited
NSE,NAHARCAP,86400,4000,Nahar Capital and Financial Services Limited
NSE,GSS,86400,4000,GSS Infotech Limited
NSE,RAIN,86400,4000,Rain Industries Limited
NSE,SHALPAINTS,86400,4000,Shalimar Paints Limited
NSE,NMDC,86400,4000,NMDC Limited
NSE,TULSI,86400,4000,Tulsi Extrusions Limited
NSE,IRB,86400,4000,IRB Infrastructure Developers Limited
NSE,BANG,86400,4000,Bang Overseas Limited
NSE,SHRIRAMEPC,86400,4000,Shriram EPC Limited
NSE,TANTIACONS,86400,4000,Tantia Constructions Limited
NSE,HERCULES,86400,4000,Hercules Hoists Limited
NSE,ONMOBILE,86400,4000,OnMobile Global Limited
NSE,SUJANAUNI,86400,4000,Sujana Universal Industries Limited
NSE,KNRCON,86400,4000,KNR Constructions Limited
NSE,CORDSCABLE,86400,4000,Cords Cable Industries Limited
NSE,JKIL,86400,4000,J.Kumar Infraprojects Limited
NSE,RPOWER,86400,4000,Reliance Power Limited
NSE,BIRLAMONEY,86400,4000,Aditya Birla Money Limited
NSE,CAPF,86400,4000,Capital First Limited
NSE,CEATLTD,86400,4000,CEAT Limited
NSE,KAVVERITEL,86400,4000,Kavveri Telecom Products Limited
NSE,AMBIKCO,86400,4000,Ambika Cotton Mills Limited
NSE,PPAP,86400,4000,PPAP Automotive Limited
NSE,PATINTLOG,86400,4000,Patel Integrated Logistics Limited
NSE,ARIES,86400,4000,Aries Agro Limited
NSE,DPL,86400,4000,Dhunseri Petrochem Limited
NSE,MANAKSIA,86400,4000,Manaksia Limited
NSE,BGRENERGY,86400,4000,BGR Energy Systems Limited
NSE,BURNPUR,86400,4000,Burnpur Cement Limited
NSE,BRIGADE,86400,4000,Brigade Enterprises Limited
NSE,ECLERX,86400,4000,eClerx Services Limited
NSE,TRIL,86400,4000,Transformers And Rectifiers (India) Limited
NSE,KALYANIFRG,86400,4000,Kalyani Forge Limited
NSE,MADHAV,86400,4000,Madhav Marbles and Granites Limited
NSE,HITECHPLAS,86400,4000,Hitech Plast Limited
NSE,JYOTHYLAB,86400,4000,Jyothy Laboratories Limited
NSE,COLPAL,86400,4000,Colgate Palmolive (India) Limited
NSE,KAUSHALYA,86400,4000,Kaushalya Infrastructure Development Corporation Limited
NSE,KOLTEPATIL,86400,4000,Kolte - Patil Developers Limited
NSE,RJL,86400,4000,Renaissance Jewellery Limited
NSE,EDELWEISS,86400,4000,Edelweiss Financial Services Limited
NSE,NOESISIND,86400,4000,Noesis Industries Limited
NSE,ADANIPORTS,86400,4000,Adani Ports and Special Economic Zone Limited
NSE,JMCPROJECT,86400,4000,JMC Projects (India)  Limited
NSE,ALKYLAMINE,86400,4000,Alkyl Amines Chemicals Limited
NSE,RMCL,86400,4000,Radha Madhav Corporation Limited
NSE,EDL,86400,4000,Empee Distilleries Limited
NSE,BVCL,86400,4000,Barak Valley Cements Limited
NSE,RELIGARE,86400,4000,Religare Enterprises Limited
NSE,SABTN,86400,4000,Sri Adhikari Brothers Television Network Limited
NSE,ENERGYDEV,86400,4000,Energy Development Company Limited
NSE,DELTACORP,86400,4000,Delta Corp Limited
NSE,CERA,86400,4000,Cera Sanitaryware Limited
NSE,BAJAJELEC,86400,4000,Bajaj Electricals Limited
NSE,IL&FSENGG,86400,4000,IL&FS Engineering and Construction Company Limited
NSE,MAANALU,86400,4000,Maan Aluminium Limited
NSE,MANGCHEFER,86400,4000,Mangalore Chemicals & Fertilizers Limited
NSE,SUPREMEINF,86400,4000,Supreme Infrastructure India Limited
NSE,CCCL,86400,4000,Consolidated Construction Consortium Limited
NSE,POWERGRID,86400,4000,Power Grid Corporation of India Limited
NSE,CENTUM,86400,4000,Centum Electronics Limited
NSE,KSCL,86400,4000,Kaveri Seed Company Limited
NSE,ECEIND,86400,4000,ECE Industries Limited
NSE,PARRYSUGAR,86400,4000,Parrys Sugar Industries Limited
NSE,MAGNUM,86400,4000,Magnum Ventures Limited
NSE,NAGREEKCAP,86400,4000,Nagreeka Capital & Infrastructure Limited
NSE,INDOWIND,86400,4000,Indowind Energy Limited
NSE,MOTILALOFS,86400,4000,Motilal Oswal Financial Services Limited
NSE,PURVA,86400,4000,Puravankara Limited
NSE,MAHINDCIE,86400,4000,Mahindra CIE Automotive Limited
NSE,ISMTLTD,86400,4000,ISMT Limited
NSE,KPRMILL,86400,4000,K.P.R. Mill Limited
NSE,SRIPIPES,86400,4000,Srikalahasthi Pipes Limited
NSE,TAKE,86400,4000,Take Solutions Limited
NSE,ASIANTILES,86400,4000,Asian Granito India Limited
NSE,SELMCL,86400,4000,SEL Manufacturing Company Limited
NSE,VICEROY,86400,4000,Viceroy Hotels Limited
NSE,CENTRALBK,86400,4000,Central Bank of India
NSE,ELECTHERM,86400,4000,Electrotherm (India) Limited
NSE,ZYLOG,86400,4000,Zylog Systems Limited
NSE,OMAXE,86400,4000,Omaxe Limited
NSE,ALPA,86400,4000,Alpa Laboratories Limited
NSE,VIPCLOTHNG,86400,4000,VIP Clothing Limited
NSE,SIMPLEX,86400,4000,Simplex Projects Limited
NSE,DECCANCE,86400,4000,Deccan Cements Limited
NSE,WSI,86400,4000,W S Industries (I) Limited
NSE,ALCHEM,86400,4000,Alchemist Limited
NSE,ADSL,86400,4000,Allied Digital Services Limited
NSE,HDIL,86400,4000,Housing Development and Infrastructure Limited
NSE,MEGASOFT,86400,4000,Megasoft Limited
NSE,SPARC,86400,4000,Sun Pharma Advanced Research Company Limited
NSE,CELESTIAL,86400,4000,Celestial Biolabs Limited
NSE,TARMAT,86400,4000,Tarmat Limited
NSE,RAMSARUP,86400,4000,Ramsarup Industries Limited
NSE,DLF,86400,4000,DLF Limited
NSE,V2RETAIL,86400,4000,V2 Retail Limited
NSE,MEGH,86400,4000,Meghmani Organics Limited
NSE,NELCAST,86400,4000,Nelcast Limited
NSE,ADVANIHOTR,86400,4000,Advani Hotels & Resorts (India) Limited
NSE,HGS,86400,4000,Hinduja Global Solutions Limited
NSE,NAGREEKEXP,86400,4000,Nagreeka Exports Limited
NSE,TIMETECHNO,86400,4000,Time Technoplast Limited
NSE,NITINFIRE,86400,4000,Nitin Fire Protection Industries Limited
NSE,GOACARBON,86400,4000,Goa Carbon Limited
NSE,GUJAPOLLO,86400,4000,Gujarat Apollo Industries Limited
NSE,NAVINFLUOR,86400,4000,Navin Fluorine International Limited
NSE,KMSUGAR,86400,4000,K.M.Sugar Mills Limited
NSE,MIC,86400,4000,MIC Electronics Limited
NSE,INSECTICID,86400,4000,Insecticides (India) Limited
NSE,MCDHOLDING,86400,4000,McDowell Holdings Limited
NSE,HILTON,86400,4000,Hilton Metal Forging Limited
NSE,SGFL,86400,4000,Shree Ganesh Forgings Limited
NSE,TGBHOTELS,86400,4000,TGB Banquets And Hotels Limited
NSE,WEBELSOLAR,86400,4000,Websol Energy System Limited
NSE,ALPHAGEO,86400,4000,Alphageo (India) Limited
NSE,FORTIS,86400,4000,Fortis Healthcare Limited
NSE,SRHHYPOLTD,86400,4000,Sree Rayalaseema Hi-Strength Hypo Limited
NSE,BFUTILITIE,86400,4000,BF Utilities Limited
NSE,KGL,86400,4000,Karuturi Global Limited
NSE,GLOBOFFS,86400,4000,Global Offshore Services Limited
NSE,ZENITHBIR,86400,4000,Zenith Birla (India) Limited
NSE,AROGRANITE,86400,4000,Aro Granite Industries Limited
NSE,HINDUJAVEN,86400,4000,Hinduja Ventures Limited
NSE,PHOENIXLTD,86400,4000,The Phoenix Mills Limited
NSE,DISHTV,86400,4000,Dish TV India Limited
NSE,ICRA,86400,4000,ICRA Limited
NSE,ORBITCORP,86400,4000,Orbit Corporation Limited
NSE,BANSWRAS,86400,4000,Banswara Syntex Limited
NSE,BALAMINES,86400,4000,Balaji Amines Limited
NSE,NCLIND,86400,4000,NCL Industries Limited
NSE,GARWALLROP,86400,4000,Garware  Wall Ropes Limited
NSE,THEMISMED,86400,4000,Themis Medicare Limited
NSE,JMTAUTOLTD,86400,4000,JMT Auto Limited
NSE,IBREALEST,86400,4000,Indiabulls Real Estate Limited
NSE,NAHARSPING,86400,4000,Nahar Spinning Mills Limited
NSE,NAHARPOLY,86400,4000,Nahar Poly Films Limited
NSE,ASTRAL,86400,4000,Astral Poly Technik Limited
NSE,AMDIND,86400,4000,AMD Industries Limited
NSE,JKTYRE,86400,4000,JK Tyre & Industries Limited
NSE,LAOPALA,86400,4000,La Opala RG Limited
NSE,PAGEIND,86400,4000,Page Industries Limited
NSE,RAJTV,86400,4000,Raj Television Network Limited
NSE,SUPREMETEX,86400,4000,Supreme Tex Mart Limited
NSE,ELAND,86400,4000,E-Land Apparel Limited
NSE,IDEA,86400,4000,Idea Cellular Limited
NSE,EUROCERA,86400,4000,Euro Ceramics Limited
NSE,PUNJABCHEM,86400,4000,Punjab Chemicals & Crop Protection Limited
NSE,UNIPLY,86400,4000,Uniply Industries Limited
NSE,ORIENTALTL,86400,4000,Oriental Trimex Limited
NSE,MINDTREE,86400,4000,MindTree Limited
NSE,HSCL,86400,4000,Himadri Speciality Chemical Limited
NSE,GANESHHOUC,86400,4000,Ganesh Housing Corporation Limited
NSE,INDIANB,86400,4000,Indian Bank
NSE,SMSPHARMA,86400,4000,SMS Pharmaceuticals Limited
NSE,CANDC,86400,4000,C & C Constructions Limited
NSE,TFL,86400,4000,Transwarranty Finance Limited
NSE,PFC,86400,4000,Power Finance Corporation Limited
NSE,FSL,86400,4000,Firstsource Solutions Limited
NSE,TTL,86400,4000,T T Limited
NSE,REDINGTON,86400,4000,Redington (India) Limited
NSE,PGIL,86400,4000,Pearl Global Industries Limited
NSE,ORIENTBELL,86400,4000,Orient Bell Limited
NSE,AICHAMP,86400,4000,AI Champdany Industries Limited
NSE,TVSSRICHAK,86400,4000,TVS Srichakra Limited
NSE,ANGIND,86400,4000,ANG Industries Limited
NSE,TIIL,86400,4000,Technocraft Industries (India) Limited
NSE,POCHIRAJU,86400,4000,Pochiraju Industries Limited
NSE,TV18BRDCST,86400,4000,TV18 Broadcast Limited
NSE,HUBTOWN,86400,4000,Hubtown Limited
NSE,CTE,86400,4000,Cambridge Technology Enterprises Limited
NSE,LAKSHMIEFL,86400,4000,Lakshmi Energy and Foods Limited
NSE,TIMKEN,86400,4000,Timken India Limited
NSE,IZMO,86400,4000,IZMO Limited
NSE,MINDAIND,86400,4000,Minda Industries Limited
NSE,NETWORK18,86400,4000,Network18 Media & Investments Limited
NSE,PITTILAM,86400,4000,Pitti Laminations Limited
NSE,GANDHITUBE,86400,4000,Gandhi Special Tubes Limited
NSE,AUTOIND,86400,4000,Autoline Industries Limited
NSE,SAGCEM,86400,4000,Sagar Cements Limited
NSE,SIYSIL,86400,4000,Siyaram Silk Mills Limited
NSE,BILPOWER,86400,4000,Bilpower  Limited
NSE,IGPL,86400,4000,IG Petrochemicals Limited
NSE,WANBURY,86400,4000,Wanbury Limited
NSE,PTL,86400,4000,PTL Enterprises Limited
NSE,SANGHVIMOV,86400,4000,Sanghvi Movers Limited
NSE,SARLAPOLY,86400,4000,Sarla Performance Fibers Limited
NSE,GEMINI,86400,4000,Gemini Communication Limited
NSE,LUMAXTECH,86400,4000,Lumax Auto Technologies Limited
NSE,TIDEWATER,86400,4000,Tide Water Oil Company (India) Limited
NSE,ZEEMEDIA,86400,4000,Zee Media Corporation Limited
NSE,SITINET,86400,4000,Siti Networks Limited
NSE,AVTNPL,86400,4000,AVT Natural Products Limited
NSE,TANLA,86400,4000,Tanla Solutions Limited
NSE,HBLPOWER,86400,4000,HBL Power Systems Limited
NSE,RAJRAYON,86400,4000,Raj Rayon Industries Limited
NSE,PARACABLES,86400,4000,Paramount Communications Limited
NSE,PANORAMUNI,86400,4000,Panoramic Universal Limited
NSE,KESARENT,86400,4000,Kesar Enterprises Limited
NSE,PRAENG,86400,4000,Prajay Engineers Syndicate Limited
NSE,VISUINTL,86400,4000,Visu International Limited
NSE,ESSDEE,86400,4000,Ess Dee Aluminium Limited
NSE,NFL,86400,4000,National Fertilizers Limited
NSE,PLASTIBLEN,86400,4000,Plastiblends India Limited
NSE,SURANAIND,86400,4000,Surana Industries Limited
NSE,XLENERGY,86400,4000,XL Energy Limited
NSE,SATHAISPAT,86400,4000,Sathavahana Ispat Limited
NSE,CREST,86400,4000,Crest Ventures Limited
NSE,ARIHANT,86400,4000,Arihant Foundations & Housing Limited
NSE,HIRECT,86400,4000,Hind Rectifiers Limited
NSE,JINDRILL,86400,4000,Jindal Drilling And Industries Limited
NSE,BANCOINDIA,86400,4000,Banco Products (I) Limited
NSE,GTOFFSHORE,86400,4000,GOL Offshore Limited
NSE,SOBHA,86400,4000,Sobha Limited
NSE,DONEAR,86400,4000,Donear Industries Limited
NSE,RUCHIRA,86400,4000,Ruchira Papers Limited
NSE,VENUSREM,86400,4000,Venus Remedies Limited
NSE,SPENTEX,86400,4000,Spentex Industries Limited
NSE,MMFL,86400,4000,MM Forgings Limited
NSE,NICCO,86400,4000,Nicco Corporation Limited
NSE,DAAWAT,86400,4000,LT Foods Limited
NSE,SUTLEJTEX,86400,4000,Sutlej Textiles and Industries Limited
NSE,MANALIPETC,86400,4000,Manali Petrochemicals Limited
NSE,PARSVNATH,86400,4000,Parsvnath Developers Limited
NSE,TORNTPOWER,86400,4000,Torrent Power Limited
NSE,LITL,86400,4000,Lanco Infratech Limited
NSE,GESHIP,86400,4000,The Great Eastern Shipping Company Limited
NSE,HINDZINC,86400,4000,Hindustan Zinc Limited
NSE,SHIVAMAUTO,86400,4000,Shivam Autotech Limited
NSE,BBL,86400,4000,Bharat Bijlee Limited
NSE,NAUKRI,86400,4000,Info Edge (India) Limited
NSE,AARVEEDEN,86400,4000,Aarvee Denims & Exports Limited
NSE,GTLINFRA,86400,4000,GTL Infrastructure Limited
NSE,SHYAMTEL,86400,4000,Shyam Telecom Limited
NSE,AFL,86400,4000,Accel Frontline Limited
NSE,DCBBANK,86400,4000,DCB Bank Limited
NSE,GLOBALVECT,86400,4000,Global Vectra Helicorp Limited
NSE,JHS,86400,4000,JHS Svendgaard Laboratories Limited
NSE,HANUNG,86400,4000,Hanung Toys and Textiles Limited
NSE,FIEMIND,86400,4000,Fiem Industries Limited
NSE,INFOMEDIA,86400,4000,Infomedia Press Limited
NSE,JMFINANCIL,86400,4000,JM Financial Limited
NSE,GATI,86400,4000,GATI Limited
NSE,ANSALHSG,86400,4000,Ansal Housing and Construction Limited
NSE,DOLPHINOFF,86400,4000,Dolphin Offshore Enterprises (India) Limited
NSE,MBECL,86400,4000,Mcnally Bharat Engineering Company Limited
NSE,KSERASERA,86400,4000,KSS Limited
NSE,MADHUCON,86400,4000,Madhucon Projects Limited
NSE,GEECEE,86400,4000,GeeCee Ventures Limited
NSE,ASSAMCO,86400,4000,Assam Company India Limited
NSE,ELECON,86400,4000,Elecon Engineering Company Limited
NSE,TALBROAUTO,86400,4000,Talbros Automotive Components Limited
NSE,ALICON,86400,4000,Alicon Castalloy Limited
NSE,ICSA,86400,4000,ICSA (India) Limited
NSE,ANANTRAJ,86400,4000,Anant Raj Limited
NSE,BINANIIND,86400,4000,Binani Industries Limited
NSE,HOVS,86400,4000,HOV Services Limited
NSE,HINDUJAFO,86400,4000,Hinduja Foundries Limited
NSE,LAKPRE,86400,4000,Lakshmi Precision Screws Limited
NSE,SELAN,86400,4000,Selan Exploration Technology Limited
NSE,ACE,86400,4000,Action Construction Equipment Limited
NSE,ATLANTA,86400,4000,Atlanta  Limited
NSE,RAMANEWS,86400,4000,Shree Rama Newsprint Limited
NSE,VOLTAMP,86400,4000,Voltamp Transformers Limited
NSE,MANUGRAPH,86400,4000,Manugraph India Limited
NSE,DYNAMATECH,86400,4000,Dynamatic Technologies Limited
NSE,GRINDWELL,86400,4000,Grindwell Norton Limited
NSE,ATNINTER,86400,4000,ATN International Limited
NSE,TECHM,86400,4000,Tech Mahindra Limited
NSE,GMRINFRA,86400,4000,GMR Infrastructure Limited
NSE,WENDT,86400,4000,Wendt (India) Limited
NSE,EMAMILTD,86400,4000,Emami Limited
NSE,MUNJALAU,86400,4000,Munjal Auto Industries Limited
NSE,ALLCARGO,86400,4000,Allcargo Logistics Limited
NSE,PFOCUS,86400,4000,Prime Focus Limited
NSE,JKLAKSHMI,86400,4000,JK Lakshmi Cement Limited
NSE,UNITY,86400,4000,Unity Infraprojects Limited
NSE,GTNTEX,86400,4000,GTN Textiles Limited
NSE,CHEMFALKAL,86400,4000,Chemfab Alkalis Limited
NSE,PIONEEREMB,86400,4000,Pioneer Embroideries Limited
NSE,KAMDHENU,86400,4000,Kamdhenu Limited
NSE,SWELECTES,86400,4000,Swelect Energy Systems Limited
NSE,RATNAMANI,86400,4000,Ratnamani Metals & Tubes Limited
NSE,BALPHARMA,86400,4000,Bal Pharma Limited
NSE,LOKESHMACH,86400,4000,Lokesh Machines Limited
NSE,EMKAY,86400,4000,Emkay Global Financial Services Limited
NSE,RSYSTEMS,86400,4000,R Systems International Limited
NSE,GPIL,86400,4000,Godawari Power And Ispat limited
NSE,SUNTV,86400,4000,Sun TV Network Limited
NSE,ZICOM,86400,4000,Zicom Electronic Security Systems Limited
NSE,ROHITFERRO,86400,4000,Rohit Ferro-Tech Limited
NSE,KKCL,86400,4000,Kewal Kiran Clothing Limited
NSE,SGL,86400,4000,STL Global Limited
NSE,UTTAMSUGAR,86400,4000,Uttam Sugar Mills Limited
NSE,GANGOTRI,86400,4000,Gangotri Textiles Limited
NSE,ADHUNIK,86400,4000,Adhunik Metaliks Limited
NSE,MALUPAPER,86400,4000,Malu Paper Mills Limited
NSE,GALLANTT,86400,4000,Gallantt Metal Limited
NSE,VAKRANGEE,86400,4000,Vakrangee Limited
NSE,SOLARINDS,86400,4000,Solar Industries India Limited
NSE,SANWARIA,86400,4000,Sanwaria Agro Oils Limited
NSE,CENTURYPLY,86400,4000,Century Plyboards (India) Limited
NSE,KEI,86400,4000,KEI Industries Limited
NSE,NITCO,86400,4000,Nitco Limited
NSE,VISASTEEL,86400,4000,Visa Steel Limited
NSE,M&MFIN,86400,4000,Mahindra & Mahindra Financial Services Limited
NSE,BLKASHYAP,86400,4000,B. L. Kashyap and Sons Limited
NSE,PRATIBHA,86400,4000,Pratibha Industries Limited
NSE,INDOTECH,86400,4000,Indo Tech Transformers Limited
NSE,JKCEMENT,86400,4000,JK Cement Limited
NSE,KEC,86400,4000,KEC International Limited
NSE,GITANJALI,86400,4000,Gitanjali Gems Limited
NSE,SAKUMA,86400,4000,Sakuma Exports Limited
NSE,RCOM,86400,4000,Reliance Communications Limited
NSE,SUNILHITEC,86400,4000,Sunil Hitech Engineers Limited
NSE,SADBHAV,86400,4000,Sadbhav Engineering Limited
NSE,GVKPIL,86400,4000,GVK Power & Infrastructure Limited
NSE,INOXLEISUR,86400,4000,INOX Leisure Limited
NSE,JAGRAN,86400,4000,Jagran Prakashan Limited
NSE,GSPL,86400,4000,Gujarat State Petronet Limited
NSE,ENIL,86400,4000,Entertainment Network (India) Limited
NSE,ROHLTD,86400,4000,Royal Orchid Hotels Limited
NSE,STERTOOLS,86400,4000,Sterling Tools Limited
NSE,NITINSPIN,86400,4000,Nitin Spinners Limited
NSE,TINPLATE,86400,4000,The Tinplate Company of India Limited
NSE,ANSALAPI,86400,4000,Ansal Properties & Infrastructure Limited
NSE,BALKRISIND,86400,4000,Balkrishna Industries Limited
NSE,EDUCOMP,86400,4000,Educomp Solutions Limited
NSE,BARTRONICS,86400,4000,Bartronics India Limited
NSE,CELEBRITY,86400,4000,Celebrity Fashions Limited
NSE,PUNJLLOYD,86400,4000,Punj Lloyd Limited
NSE,PVR,86400,4000,PVR Limited
NSE,REPRO,86400,4000,Repro India Limited
NSE,KERNEX,86400,4000,Kernex Microsystems (India) Limited
NSE,EKC,86400,4000,Everest Kanto Cylinder Limited
NSE,ORIENTABRA,86400,4000,Orient Abrasives Limited
NSE,NAHARINDUS,86400,4000,Nahar Industrial Enterprises Limited
NSE,VIMTALABS,86400,4000,Vimta Labs Limited
NSE,EMCO,86400,4000,Emco Limited
NSE,AIAENG,86400,4000,AIA Engineering Limited
NSE,TRIVENI,86400,4000,Triveni Engineering & Industries Limited
NSE,SORILINFRA,86400,4000,SORIL Infra Resources Limited
NSE,BRFL,86400,4000,Bombay Rayon Fashions Limited
NSE,PBAINFRA,86400,4000,PBA Infrastructure Limited
NSE,BASML,86400,4000,Bannari Amman Spinning Mills Limited
NSE,RENUKA,86400,4000,Shree Renuka Sugars Limited
NSE,AURIONPRO,86400,4000,Aurionpro Solutions Limited
NSE,SUZLON,86400,4000,Suzlon Energy Limited
NSE,ASIL,86400,4000,Amit Spinning Industries Limited
NSE,IMPAL,86400,4000,India Motor Parts and Accessories Limited
NSE,SUNFLAG,86400,4000,Sunflag Iron And Steel Company Limited
NSE,FCSSOFT,86400,4000,FCS Software Solutions Limited
NSE,RAJVIR,86400,4000,Rajvir Industries Limited
NSE,FEDDERLOYD,86400,4000,Fedders Lloyd Corporation Limited
NSE,ICIL,86400,4000,Indo Count Industries Limited
NSE,SASKEN,86400,4000,Sasken Technologies Limited
NSE,HTMEDIA,86400,4000,HT Media Limited
NSE,RML,86400,4000,Rane (Madras) Limited
NSE,GOLDIAM,86400,4000,Goldiam International Limited
NSE,PRECOT,86400,4000,Precot Meridian Limited
NSE,VIVIMEDLAB,86400,4000,Vivimed Labs Limited
NSE,IDFC,86400,4000,IDFC Limited
NSE,REVATHI,86400,4000,Revathi Equipment Limited
NSE,MCLEODRUSS,86400,4000,Mcleod Russel India Limited
NSE,SPLIL,86400,4000,SPL Industries Limited
NSE,NECLIFE,86400,4000,Nectar Lifesciences Limited
NSE,MSPL,86400,4000,MSP Steel & Power Limited
NSE,SUBROS,86400,4000,Subros Limited
NSE,YESBANK,86400,4000,Yes Bank Limited
NSE,GENUSPOWER,86400,4000,Genus Power Infrastructures Limited
NSE,INDIAGLYCO,86400,4000,India Glycols Limited
NSE,GEOJITFSL,86400,4000,Geojit Financial Services Limited
NSE,VHL,86400,4000,Vardhman Holdings Limited
NSE,CASTEXTECH,86400,4000,Castex Technologies Limited
NSE,MANINDS,86400,4000,Man Industries (India) Limited
NSE,JSWHL,86400,4000,JSW Holdings Limited
NSE,63MOONS,86400,4000,63 moons technologies limited
NSE,GRANULES,86400,4000,Granules India Limited
NSE,MERCATOR,86400,4000,Mercator Limited
NSE,PRIMESECU,86400,4000,Prime Securities Limited
NSE,SHAHALLOYS,86400,4000,Shah Alloys Limited
NSE,JKPAPER,86400,4000,JK Paper Limited
NSE,SURYALAXMI,86400,4000,Suryalakshmi Cotton Mills Limited
NSE,CYBERMEDIA,86400,4000,Cyber Media (India) Limited
NSE,SSWL,86400,4000,Steel Strips Wheels Limited
NSE,WELCORP,86400,4000,Welspun Corp Limited
NSE,MANGALAM,86400,4000,Mangalam Drugs And Organics Limited
NSE,SHOPERSTOP,86400,4000,Shoppers Stop Limited
NSE,IIFL,86400,4000,IIFL Holdings Limited
NSE,SAKSOFT,86400,4000,Saksoft Limited
NSE,ALLSEC,86400,4000,Allsec Technologies Limited
NSE,EVEREADY,86400,4000,Eveready Industries India Limited
NSE,GOKEX,86400,4000,Gokaldas Exports Limited
NSE,3IINFOTECH,86400,4000,3i Infotech Limited
NSE,GABRIEL,86400,4000,Gabriel India Limited
NSE,JPPOWER,86400,4000,Jaiprakash Power Ventures Limited
NSE,JINDALPHOT,86400,4000,Jindal Photo Limited
NSE,SHRIRAMCIT,86400,4000,Shriram City Union Finance Limited
NSE,GDL,86400,4000,Gateway Distriparks Limited
NSE,CONSOFINVT,86400,4000,Consolidated Finvest & Holdings Limited
NSE,JSWSTEEL,86400,4000,JSW Steel Limited
NSE,BEPL,86400,4000,Bhansali Engineering Polymers Limited
NSE,JETAIRWAYS,86400,4000,Jet Airways (India) Limited
NSE,XCHANGING,86400,4000,Xchanging Solutions Limited
NSE,VIPIND,86400,4000,VIP Industries Limited
NSE,AMTEKAUTO,86400,4000,Amtek Auto Limited
NSE,PATELENG,86400,4000,Patel Engineering Limited
NSE,RANASUG,86400,4000,Rana Sugars Limited
NSE,SAMTEL,86400,4000,Samtel Color Limited
NSE,SUPRAJIT,86400,4000,Suprajit Engineering Limited
NSE,IMPEXFERRO,86400,4000,Impex Ferro Tech Limited
NSE,INDOCO,86400,4000,Indoco Remedies Limited
NSE,MRPL,86400,4000,Mangalore Refinery and Petrochemicals Limited
NSE,PRESSMN,86400,4000,Pressman Advertising Limited
NSE,DWARKESH,86400,4000,Dwarikesh Sugar Industries Limited
NSE,BHARATIDIL,86400,4000,Bharati Defence and Infrastructure Limited
NSE,JBMA,86400,4000,JBM Auto Limited
NSE,KOTARISUG,86400,4000,Kothari Sugars And Chemicals Limited
NSE,SALSTEEL,86400,4000,S.A.L. Steel Limited
NSE,NTPC,86400,4000,NTPC Limited
NSE,WELENT,86400,4000,Welspun Enterprises Limited
NSE,ASTRAMICRO,86400,4000,Astra Microwave Products Limited
NSE,GUFICBIO,86400,4000,Gufic Biosciences Limited
NSE,INDSWFTLTD,86400,4000,Ind-Swift Limited
NSE,PAPERPROD,86400,4000,Huhtamaki PPL Limited
NSE,TITAN,86400,4000,Titan Company Limited
NSE,GULFPETRO,86400,4000,GP Petroleums Limited
NSE,OCL,86400,4000,OCL India Limited
NSE,GRUH,86400,4000,Gruh Finance Limited
NSE,TEXINFRA,86400,4000,Texmaco Infrastructure & Holdings Limited
NSE,GREAVESCOT,86400,4000,Greaves Cotton Limited
NSE,EICHERMOT,86400,4000,Eicher Motors Limited
NSE,NIITTECH,86400,4000,NIIT Technologies Limited
NSE,MAHSEAMLES,86400,4000,Maharashtra Seamless Limited
NSE,TCS,86400,4000,Tata Consultancy Services Limited
NSE,ULTRACEMCO,86400,4000,UltraTech Cement Limited
NSE,NIITLTD,86400,4000,NIIT Limited
NSE,3MINDIA,86400,4000,3M India Limited
NSE,GUJNRECOKE,86400,4000,Gujarat NRE Coke Limited
NSE,CENTEXT,86400,4000,Century Extrusions Limited
NSE,APARINDS,86400,4000,Apar Industries Limited
NSE,SUPERSPIN,86400,4000,Super Spinning Mills Limited
NSE,PGHH,86400,4000,Procter & Gamble Hygiene and Health Care Limited
NSE,LT,86400,4000,Larsen & Toubro Limited
NSE,EXCELINDUS,86400,4000,Excel Industries Limited
NSE,EXCELCROP,86400,4000,Excel Crop Care Limited
NSE,JPASSOCIAT,86400,4000,Jaiprakash Associates Limited
NSE,MONNETISPA,86400,4000,Monnet Ispat and Energy Limited
NSE,TRENT,86400,4000,Trent Limited
NSE,CCL,86400,4000,CCL Products (India) Limited
NSE,MPHASIS,86400,4000,MphasiS Limited
NSE,KAJARIACER,86400,4000,Kajaria Ceramics Limited
NSE,MURUDCERA,86400,4000,Murudeshwar Ceramics Limited
NSE,MIRCELECTR,86400,4000,MIRC Electronics Limited
NSE,NDTV,86400,4000,New Delhi Television Limited
NSE,IPAPPM,86400,4000,International Paper APPM Limited
NSE,DATAMATICS,86400,4000,Datamatics Global Services Limited
NSE,RKFORGE,86400,4000,Ramkrishna Forgings Limited
NSE,XPROINDIA,86400,4000,Xpro India Limited
NSE,MAGMA,86400,4000,Magma Fincorp Limited
NSE,DISHMAN,86400,4000,Dishman Pharmaceuticals and Chemicals Limited
NSE,MAHABANK,86400,4000,Bank of Maharashtra
NSE,BIOCON,86400,4000,Biocon Limited
NSE,PTC,86400,4000,PTC India Limited
NSE,VAIBHAVGBL,86400,4000,Vaibhav Global Limited
NSE,DHANBANK,86400,4000,Dhanlaxmi Bank Limited
NSE,PETRONET,86400,4000,Petronet LNG Limited
NSE,SIMPLEXINF,86400,4000,Simplex Infrastructures Limited
NSE,JBFIND,86400,4000,JBF Industries Limited
NSE,MUKANDLTD,86400,4000,Mukand Limited
NSE,SIL,86400,4000,Standard Industries Limited
NSE,UNIENTER,86400,4000,Uniphos Enterprises Limited
NSE,UPL,86400,4000,UPL Limited
NSE,TVTODAY,86400,4000,TV Today Network Limited
NSE,DREDGECORP,86400,4000,Dredging Corporation of India Limited
NSE,PHOENIXLL,86400,4000,Phoenix Lamps Limited
NSE,SONASTEER,86400,4000,Sona Koyo Steering Systems Limited
NSE,IFGLREFRAC,86400,4000,IFGL Refractories Limited
NSE,TVSELECT,86400,4000,TVS Electronics Limited
NSE,IGL,86400,4000,Indraprastha Gas Limited
NSE,JAIBALAJI,86400,4000,Jai Balaji Industries Limited
NSE,WELSPUNIND,86400,4000,Welspun India Limited
NSE,BHUSANSTL,86400,4000,Bhushan Steel Limited
NSE,NSIL,86400,4000,Nalwa Sons Investments Limited
NSE,JSL,86400,4000,Jindal Stainless Limited
NSE,BHEL,86400,4000,Bharat Heavy Electricals Limited
NSE,BEML,86400,4000,BEML Limited
NSE,SUVEN,86400,4000,Suven Life Sciences Limited
NSE,BAGFILMS,86400,4000,B.A.G Films and Media Limited
NSE,NCC,86400,4000,NCC Limited
NSE,IGARASHI,86400,4000,Igarashi Motors India Limited
NSE,UCOBANK,86400,4000,UCO Bank
NSE,VARDHACRLC,86400,4000,Vardhman Acrylics Limited
NSE,HINDOILEXP,86400,4000,Hindustan Oil Exploration Company Limited
NSE,AARTIDRUGS,86400,4000,Aarti Drugs Limited
NSE,TATAELXSI,86400,4000,Tata Elxsi Limited
NSE,ITI,86400,4000,ITI Limited
NSE,KANSAINER,86400,4000,Kansai Nerolac Paints Limited
NSE,TIMESGTY,86400,4000,Times Guaranty Limited
NSE,SUBEX,86400,4000,Subex Limited
NSE,VSTIND,86400,4000,VST Industries Limited
NSE,AMARAJABAT,86400,4000,Amara Raja Batteries Limited
NSE,SMLISUZU,86400,4000,SML Isuzu Limited
NSE,OPTOCIRCUI,86400,4000,Opto Circuits (India) Limited
NSE,PRISMCEM,86400,4000,Prism Cement Limited
NSE,SRF,86400,4000,SRF Limited
NSE,GHCL,86400,4000,GHCL Limited
NSE,GILLETTE,86400,4000,Gillette India Limited
NSE,VENKEYS,86400,4000,Venky's (India) Limited
NSE,AGCNET,86400,4000,AGC Networks Limited
NSE,HONAUT,86400,4000,Honeywell Automation India Limited
NSE,MARUTI,86400,4000,Maruti Suzuki India Limited
NSE,ZENSARTECH,86400,4000,Zensar Technologies Limited
NSE,CENTURYTEX,86400,4000,Century Textiles & Industries Limited
NSE,ELECTCAST,86400,4000,Electrosteel Castings Limited
NSE,INDORAMA,86400,4000,Indo Rama Synthetics (India) Limited
NSE,RADICO,86400,4000,Radico Khaitan Limited
NSE,BATAINDIA,86400,4000,Bata India Limited
NSE,EXIDEIND,86400,4000,Exide Industries Limited
NSE,JUBILANT,86400,4000,Jubilant Life Sciences Limited
NSE,GSKCONS,86400,4000,GlaxoSmithKline Consumer Healthcare Limited
NSE,DRREDDY,86400,4000,Dr. Reddy's Laboratories Limited
NSE,AUTOAXLES,86400,4000,Automotive Axles Limited
NSE,PSL,86400,4000,PSL Limited
NSE,BANARISUG,86400,4000,Bannari Amman Sugars Limited
NSE,NELCO,86400,4000,NELCO Limited
NSE,TATAMETALI,86400,4000,Tata Metaliks Limited
NSE,SANOFI,86400,4000,Sanofi India Limited
NSE,TIRUMALCHM,86400,4000,Thirumalai Chemicals Limited
NSE,VARDMNPOLY,86400,4000,Vardhman Polytex Limited
NSE,RICOAUTO,86400,4000,Rico Auto Industries Limited
NSE,STERLINBIO,86400,4000,Sterling Biotech Limited
NSE,MUNJALSHOW,86400,4000,Munjal Showa Limited
NSE,BOSCHLTD,86400,4000,Bosch Limited
NSE,FOSECOIND,86400,4000,Foseco India Limited
NSE,MOSERBAER,86400,4000,Moser-Baer (I) Limited
NSE,JBCHEPHARM,86400,4000,JB Chemicals & Pharmaceuticals Limited
NSE,JINDALSAW,86400,4000,Jindal Saw Limited
NSE,POLYPLEX,86400,4000,Polyplex Corporation Limited
NSE,HEROMOTOCO,86400,4000,Hero MotoCorp Limited
NSE,BHARATFORG,86400,4000,Bharat Forge Limited
NSE,GARDENSILK,86400,4000,Garden Silk Mills Limited
NSE,HCC,86400,4000,Hindustan Construction Company Limited
NSE,BAJFINANCE,86400,4000,Bajaj Finance Limited
NSE,HONDAPOWER,86400,4000,Honda Siel Power Products Limited
NSE,STCINDIA,86400,4000,The State Trading Corporation of India Limited
NSE,DIVISLAB,86400,4000,Divi's Laboratories Limited
NSE,RADAAN,86400,4000,Radaan Mediaworks India Limited
NSE,GODREJIND,86400,4000,Godrej Industries Limited
NSE,TATASPONGE,86400,4000,Tata Sponge Iron Limited
NSE,OMAXAUTO,86400,4000,Omax Autos Limited
NSE,GRAPHITE,86400,4000,Graphite India Limited
NSE,TNTELE,86400,4000,Tamilnadu Telecommunication Limited
NSE,GENESYS,86400,4000,Genesys International Corporation Limited
NSE,DEEPAKFERT,86400,4000,Deepak Fertilizers and Petrochemicals Corporation Limited
NSE,VTL,86400,4000,Vardhman Textiles Limited
NSE,RUCHISOYA,86400,4000,Ruchi Soya Industries Limited
NSE,CANBK,86400,4000,Canara Bank
NSE,NUCLEUS,86400,4000,Nucleus Software Exports Limited
NSE,BLUEDART,86400,4000,Blue Dart Express Limited
NSE,NOIDATOLL,86400,4000,Noida Toll Bridge Company Limited
NSE,ATFL,86400,4000,Agro Tech Foods Limited
NSE,ALBK,86400,4000,Allahabad Bank
NSE,SANDESH,86400,4000,The Sandesh Limited
NSE,TORNTPHARM,86400,4000,Torrent Pharmaceuticals Limited
NSE,VESUVIUS,86400,4000,Vesuvius India Limited
NSE,DHFL,86400,4000,Dewan Housing Finance Corporation Limited
NSE,APTECHT,86400,4000,Aptech Limited
NSE,NATNLSTEEL,86400,4000,National Steel And Agro Industries Limited
NSE,UNIONBANK,86400,4000,Union Bank of India
NSE,OFSS,86400,4000,Oracle Financial Services Software Limited
NSE,HEXAWARE,86400,4000,Hexaware Technologies Limited
NSE,SURANAT&P,86400,4000,Surana Telecom and Power Limited
NSE,PNB,86400,4000,Punjab National Bank
NSE,PONNIERODE,86400,4000,Ponni Sugars (Erode) Limited
NSE,GOLDINFRA,86400,4000,Goldstone Infratech Limited
NSE,ASAL,86400,4000,Automotive Stampings and Assemblies Limited
NSE,BHARTIARTL,86400,4000,Bharti Airtel Limited
NSE,ESSELPACK,86400,4000,Essel Propack Limited
NSE,MPSLTD,86400,4000,MPS Limited
NSE,TCI,86400,4000,Transport Corporation of India Limited
NSE,HITECHGEAR,86400,4000,The Hi-Tech Gears Limited
NSE,KRBL,86400,4000,KRBL Limited
NSE,MARKSANS,86400,4000,Marksans Pharma Limited
NSE,JINDALPOLY,86400,4000,Jindal Poly Films Limited
NSE,FEL,86400,4000,Future Enterprises Limited
NSE,TODAYS,86400,4000,Todays Writing Instruments Limited
NSE,MCDOWELL-N,86400,4000,United Spirits Limited
NSE,LUPIN,86400,4000,Lupin Limited
NSE,JISLJALEQS,86400,4000,Jain Irrigation Systems Limited
NSE,CORALFINAC,86400,4000,Coral India Finance & Housing Limited
NSE,AKZOINDIA,86400,4000,Akzo Nobel India Limited
NSE,GODREJCP,86400,4000,Godrej Consumer Products Limited
NSE,SKMEGGPROD,86400,4000,SKM Egg Products Export (India) Limited
NSE,ASTRAZEN,86400,4000,AstraZeneca Pharma India Limited
NSE,SMARTLINK,86400,4000,Smartlink Network Systems Limited
NSE,CUBEXTUB,86400,4000,Cubex Tubings Limited
NSE,GOLDTECH,86400,4000,Goldstone Technologies Limited
NSE,NEXTMEDIA,86400,4000,Next Mediaworks Limited
NSE,ANDHRABANK,86400,4000,Andhra Bank
NSE,HAVELLS,86400,4000,Havells India Limited
NSE,SHIRPUR-G,86400,4000,Shirpur Gold Refinery Limited
NSE,SAMBHAAV,86400,4000,Sambhaav Media Limited
NSE,ONWARDTEC,86400,4000,Onward Technologies Limited
NSE,TRIDENT,86400,4000,Trident Limited
NSE,HIKAL,86400,4000,Hikal Limited
NSE,BSELINFRA,86400,4000,BSEL Infrastructure Realty Limited
NSE,KHANDSE,86400,4000,Khandwala Securities Limited
NSE,UNICHEMLAB,86400,4000,Unichem Laboratories Limited
NSE,BANARBEADS,86400,4000,Banaras Beads Limited
NSE,KHAITANLTD,86400,4000,Khaitan (India) Limited
NSE,WSTCSTPAPR,86400,4000,West Coast Paper Mills Limited
NSE,VIJAYABANK,86400,4000,Vijaya Bank
NSE,AXISCADES,86400,4000,AXISCADES Engineering Technologies Limited
NSE,TAJGVK,86400,4000,Taj GVK Hotels & Resorts Limited
NSE,CREATIVEYE,86400,4000,Creative Eye Limited
NSE,QUINTEGRA,86400,4000,Quintegra Solutions Limited
NSE,GLAXO,86400,4000,GlaxoSmithKline Pharmaceuticals Limited
NSE,KALPATPOWR,86400,4000,Kalpataru Power Transmission Limited
NSE,PNC,86400,4000,Pritish Nandy Communications Limited
NSE,STRTECH,86400,4000,Sterlite Technologies Limited
NSE,IOB,86400,4000,Indian Overseas Bank
NSE,HINDDORROL,86400,4000,Hindustan Dorr-Oliver Limited
NSE,FAGBEARING,86400,4000,FAG Bearings India Limited
NSE,BALAJITELE,86400,4000,Balaji Telefilms Limited
NSE,SOMATEX,86400,4000,Soma Textiles & Industries Limited
NSE,TIPSINDLTD,86400,4000,TIPS Industries Limited
NSE,EASUNREYRL,86400,4000,Easun Reyrolle Limited
NSE,REGENCERAM,86400,4000,Regency Ceramics Limited
NSE,MRO-TEK,86400,4000,MRO-TEK Realty Limited
NSE,TTML,86400,4000,Tata Teleservices (Maharashtra) Limited
NSE,GAEL,86400,4000,Gujarat Ambuja Exports Limited
NSE,USHAMART,86400,4000,Usha Martin Limited
NSE,ZENITHEXPO,86400,4000,Zenith Exports Limited
NSE,MOTOGENFIN,86400,4000,The Motor & General Finance Limited
NSE,GOLDENTOBC,86400,4000,Golden Tobacco Limited
NSE,PNBGILTS,86400,4000,PNB Gilts Limited
NSE,MUKTAARTS,86400,4000,Mukta Arts Limited
NSE,BLUECHIP,86400,4000,Blue Chip India Limited
NSE,JENSONICOL,86400,4000,Jenson & Nicholson (India) Limited
NSE,NLCINDIA,86400,4000,NLC India Limited
NSE,AKSHOPTFBR,86400,4000,Aksh Optifibre Limited
NSE,TVSMOTOR,86400,4000,TVS Motor Company Limited
NSE,KARURVYSYA,86400,4000,Karur Vysya Bank Limited
NSE,TFCILTD,86400,4000,Tourism Finance Corporation of India Limited
NSE,BEL,86400,4000,Bharat Electronics Limited
NSE,AUROPHARMA,86400,4000,Aurobindo Pharma Limited
NSE,GLFL,86400,4000,Gujarat Lease Financing Limited
NSE,RUCHINFRA,86400,4000,Ruchi Infrastructure Limited
NSE,MUKANDENGG,86400,4000,Mukand Engineers Limited
NSE,KHAITANELE,86400,4000,Khaitan Electricals Limited
NSE,CALSOFT,86400,4000,California Software Company Limited
NSE,LAKSHVILAS,86400,4000,Lakshmi Vilas Bank Limited
NSE,BLUESTARCO,86400,4000,Blue Star Limited
NSE,JAINSTUDIO,86400,4000,Jain Studios Limited
NSE,ANTGRAPHIC,86400,4000,Antarctica Limited
NSE,SUNDRMFAST,86400,4000,Sundram Fasteners Limited
NSE,THOMASCOOK,86400,4000,Thomas Cook  (India)  Limited
NSE,CHENNPETRO,86400,4000,Chennai Petroleum Corporation Limited
NSE,BLBLIMITED,86400,4000,BLB Limited
NSE,PEARLPOLY,86400,4000,Pearl Polymers Limited
NSE,HSIL,86400,4000,HSIL Limited
NSE,INDIACEM,86400,4000,The India Cements Limited
NSE,CURATECH,86400,4000,Cura Technologies Limited
NSE,AJANTPHARM,86400,4000,Ajanta Pharma Limited
NSE,SOFTTECHGR,86400,4000,Software Technology Group International Limited
NSE,MFSL,86400,4000,Max Financial Services Limited
NSE,MAHLIFE,86400,4000,Mahindra Lifespace Developers Limited
NSE,KTKBANK,86400,4000,The Karnataka Bank Limited
NSE,CINEVISTA,86400,4000,Cinevista Limited
NSE,ATLASCYCLE,86400,4000,Atlas Cycles (Haryana) Limited
NSE,KREBSBIO,86400,4000,Krebs Biochemicals and Industries Limited
NSE,EIMCOELECO,86400,4000,Eimco Elecon (India) Limited
NSE,GEPIL,86400,4000,GE Power India Limited
NSE,CADILAHC,86400,4000,Cadila Healthcare Limited
NSE,HINDSYNTEX,86400,4000,Hind Syntex Limited
NSE,MALWACOTT,86400,4000,Malwa Cotton Spg. Mills Limited
NSE,BIL,86400,4000,Bhartiya International Limited
NSE,RAMCOSYS,86400,4000,Ramco Systems Limited
NSE,WHEELS,86400,4000,Wheels India Limited
NSE,SHREERAMA,86400,4000,Shree Rama Multi-Tech Limited
NSE,IVRCLINFRA,86400,4000,IVRCL Limited
NSE,NRBBEARING,86400,4000,NRB Bearing Limited
NSE,MELSTAR,86400,4000,Melstar Information Technologies Limited
NSE,LCCINFOTEC,86400,4000,LCC Infotech Limited
NSE,JAGSNPHARM,86400,4000,Jagsonpal Pharmaceuticals Limited
NSE,WOCKPHARMA,86400,4000,Wockhardt Limited
NSE,BLUECOAST,86400,4000,Blue Coast Hotels Limited
NSE,TATACOFFEE,86400,4000,Tata Coffee Limited
NSE,RAJESHEXPO,86400,4000,Rajesh Exports Limited
NSE,GLENMARK,86400,4000,Glenmark Pharmaceuticals Limited
NSE,STAR,86400,4000,Strides Shasun Limited
NSE,MONSANTO,86400,4000,Monsanto India Limited
NSE,VISESHINFO,86400,4000,Visesh Infotecnics Limited
NSE,HCLTECH,86400,4000,HCL Technologies Limited
NSE,JCHAC,86400,4000,Johnson Controls ï¿½ Hitachi Air Conditioning India Limited
NSE,JINDALSTEL,86400,4000,Jindal Steel & Power Limited
NSE,SYNDIBANK,86400,4000,Syndicate Bank
NSE,TTKPRESTIG,86400,4000,TTK Prestige Limited
NSE,SPMLINFRA,86400,4000,SPML Infra Limited
NSE,ACCELYA,86400,4000,Accelya Kale Solutions Limited
NSE,KPIT,86400,4000,KPIT Technologies Limited
NSE,BERGEPAINT,86400,4000,Berger Paints (I) Limited
NSE,POLARIS,86400,4000,POLARIS CONSULTING & SERVICES LIMITED
NSE,MOREPENLAB,86400,4000,Morepen Laboratories Limited
NSE,TNPETRO,86400,4000,Tamilnadu PetroProducts Limited
NSE,KOHINOOR,86400,4000,Kohinoor Foods Limited
NSE,SUPPETRO,86400,4000,Supreme Petrochem Limited
NSE,NIPPOBATRY,86400,4000,Indo-National Limited
NSE,ALEMBICLTD,86400,4000,Alembic Limited
NSE,IVC,86400,4000,IL&FS Investment Managers Limited
NSE,UNITECH,86400,4000,Unitech Limited
NSE,SONATSOFTW,86400,4000,Sonata Software Limited
NSE,PAEL,86400,4000,PAE Limited
NSE,PETRONENGG,86400,4000,Petron Engineering Construction Limited
NSE,LINDEINDIA,86400,4000,Linde India Limited
NSE,MADRASFERT,86400,4000,Madras Fertilizers Limited
NSE,KOPRAN,86400,4000,Kopran Limited
NSE,RSSOFTWARE,86400,4000,R. S. Software (India) Limited
NSE,NATIONALUM,86400,4000,National Aluminium Company Limited
NSE,DABUR,86400,4000,Dabur India Limited
NSE,SICAL,86400,4000,Sical Logistics Limited
NSE,PFIZER,86400,4000,Pfizer Limited
NSE,MIRZAINT,86400,4000,Mirza International Limited
NSE,SRGINFOTEC,86400,4000,SRG Infotec (India) Limited
NSE,INGERRAND,86400,4000,Ingersoll Rand (India) Limited
NSE,RALLIS,86400,4000,Rallis India Limited
NSE,TATACHEM,86400,4000,Tata Chemicals Limited
NSE,PVP,86400,4000,PVP Ventures Limited
NSE,MTNL,86400,4000,Mahanagar Telephone Nigam Limited
NSE,ITDCEM,86400,4000,ITD Cementation India Limited
NSE,ZANDUREALT,86400,4000,Zandu Realty Limited
NSE,CYBERTECH,86400,4000,Cybertech Systems And Software Limited
NSE,SKFINDIA,86400,4000,SKF India Limited
NSE,SOUTHBANK,86400,4000,The South Indian Bank Limited
NSE,TATAGLOBAL,86400,4000,Tata Global Beverages Limited
NSE,TATASTEEL,86400,4000,Tata Steel Limited
NSE,AXISBANK,86400,4000,Axis Bank Limited
NSE,BRITANNIA,86400,4000,Britannia Industries Limited
NSE,SINTEX,86400,4000,Sintex Industries Limited
NSE,CYIENT,86400,4000,Cyient Limited
NSE,ZEEL,86400,4000,Zee Entertainment Enterprises Limited
NSE,ARCHIES,86400,4000,Archies Limited
NSE,WILLAMAGOR,86400,4000,Williamson Magor & Company Limited
NSE,ORIENTHOT,86400,4000,Oriental Hotels Limited
NSE,CUB,86400,4000,City Union Bank Limited
NSE,LICHSGFIN,86400,4000,LIC Housing Finance Limited
NSE,TATAMOTORS,86400,4000,Tata Motors Limited
NSE,J&KBANK,86400,4000,The Jammu & Kashmir Bank Limited
NSE,TATAINVEST,86400,4000,Tata Investment Corporation Limited
NSE,HINDPETRO,86400,4000,Hindustan Petroleum Corporation Limited
NSE,KOTHARIPRO,86400,4000,Kothari Products Limited
NSE,VEDL,86400,4000,Vedanta Limited
NSE,ATUL,86400,4000,Atul Limited
NSE,TRIGYN,86400,4000,Trigyn Technologies Limited
NSE,ASAHIINDIA,86400,4000,Asahi India Glass Limited
NSE,AMBUJACEM,86400,4000,Ambuja Cements Limited
NSE,INDUSINDBK,86400,4000,IndusInd Bank Limited
NSE,RCF,86400,4000,Rashtriya Chemicals and Fertilizers Limited
NSE,SUNDARMFIN,86400,4000,Sundaram Finance Limited
NSE,GMDCLTD,86400,4000,Gujarat Mineral Development Corporation Limited
NSE,CORPBANK,86400,4000,Corporation Bank
NSE,JAICORPLTD,86400,4000,Jai Corp Limited
NSE,HBSTOCK,86400,4000,HB Stockholdings Limited
NSE,RANEHOLDIN,86400,4000,Rane Holdings Limited
NSE,ICICIBANK,86400,4000,ICICI Bank Limited
NSE,ENGINERSIN,86400,4000,Engineers India Limited
NSE,SCI,86400,4000,Shipping Corporation Of India Limited
NSE,SPHEREGSL,86400,4000,Sphere Global Services Limited
NSE,GUJALKALI,86400,4000,Gujarat Alkalies and Chemicals Limited
NSE,FDC,86400,4000,FDC Limited
NSE,DENORA,86400,4000,De Nora India Limited
NSE,SAREGAMA,86400,4000,Saregama India Limited
NSE,ORCHIDPHAR,86400,4000,Orchid Pharma Limited
NSE,ORIENTBANK,86400,4000,Oriental Bank of Commerce
NSE,INDSWFTLAB,86400,4000,Ind-Swift Laboratories Limited
NSE,KCPSUGIND,86400,4000,KCP Sugar and Industries Corporation Limited
NSE,ADANIENT,86400,4000,Adani Enterprises Limited
NSE,TCIFINANCE,86400,4000,TCI Finance Limited
NSE,CONCOR,86400,4000,Container Corporation of India Limited
NSE,INDNIPPON,86400,4000,India Nippon Electricals Limited
NSE,BANKINDIA,86400,4000,Bank of India
NSE,LLOYDELENG,86400,4000,Lloyd Electric & Engineering Limited
NSE,INDRAMEDCO,86400,4000,Indraprastha Medical Corporation Limited
NSE,RAMCOCEM,86400,4000,The Ramco Cements Limited
NSE,KCP,86400,4000,KCP Limited
NSE,GAIL,86400,4000,GAIL (India) Limited
NSE,BANKBARODA,86400,4000,Bank of Baroda
NSE,DENABANK,86400,4000,Dena Bank
NSE,HINDALCO,86400,4000,Hindalco Industries Limited
NSE,INDIANCARD,86400,4000,Indian Card Clothing Company Limited
NSE,HCL-INSYS,86400,4000,HCL Infosystems Limited
NSE,SRTRANSFIN,86400,4000,Shriram Transport Finance Company Limited
NSE,HERITGFOOD,86400,4000,Heritage Foods Limited
NSE,ACC,86400,4000,ACC Limited
NSE,RAMCOIND,86400,4000,Ramco Industries Limited
NSE,SHREYANIND,86400,4000,Shreyans Industries Limited
NSE,KOTHARIPET,86400,4000,Kothari Petrochemicals Limited
NSE,HDFC,86400,4000,Housing Development Finance Corporation Limited
NSE,GAMMONIND,86400,4000,Gammon India Limited
NSE,SKIL,86400,4000,SKIL Infrastructure Limited
NSE,WALCHANNAG,86400,4000,Walchandnagar Industries Limited
NSE,MRF,86400,4000,MRF Limited
NSE,VISAKAIND,86400,4000,Visaka Industries Limited
NSE,BINDALAGRO,86400,4000,Oswal Chemicals & Fertilizers Limited
NSE,MOTHERSUMI,86400,4000,Motherson Sumi Systems Limited
NSE,VALUEIND,86400,4000,Value Industries Limited
NSE,VIDEOIND,86400,4000,Videocon Industries Limited
NSE,GODFRYPHLP,86400,4000,Godfrey Phillips India Limited
NSE,IOC,86400,4000,Indian Oil Corporation Limited
NSE,SANGAMIND,86400,4000,Sangam (India) Limited
NSE,SUNDRMBRAK,86400,4000,Sundaram Brake Linings Limited
NSE,INDHOTEL,86400,4000,The Indian Hotels Company Limited
NSE,EASTSILK,86400,4000,Eastern Silk Industries Limited
NSE,NORBTEAEXP,86400,4000,Norben Tea & Exports Limited
NSE,KEYCORPSER,86400,4000,Keynote Corporate Services Limited
NSE,KAMATHOTEL,86400,4000,Kamat Hotels (I) Limited
NSE,DHARSUGAR,86400,4000,Dharani Sugars & Chemicals Limited
NSE,SILINV,86400,4000,SIL Investments Limited
NSE,CHOLAFIN,86400,4000,Cholamandalam Investment and Finance Company Limited
NSE,HINDCOMPOS,86400,4000,Hindustan Composites Limited
NSE,GICHSGFIN,86400,4000,GIC Housing Finance Limited
NSE,MARICO,86400,4000,Marico Limited
NSE,ALPSINDUS,86400,4000,Alps Industries Limited
NSE,MERCK,86400,4000,Merck Limited
NSE,PANACEABIO,86400,4000,Panacea Biotec Limited
NSE,JAYAGROGN,86400,4000,Jayant Agro Organics Limited
NSE,AUSOMENT,86400,4000,Ausom Enterprise Limited
NSE,ALOKTEXT,86400,4000,Alok Industries Limited
NSE,RAIREKMOH,86400,4000,Raisaheb Reckhchand Mohota Spinning & Weaving Mills Limited
NSE,AEGISCHEM,86400,4000,Aegis Logistics Limited
NSE,TATAPOWER,86400,4000,Tata Power Company Limited
NSE,NBVENTURES,86400,4000,Nava Bharat Ventures Limited
NSE,HOTELRUGBY,86400,4000,Hotel Rugby Limited
NSE,PREMIER,86400,4000,Premier Limited
NSE,IFBAGRO,86400,4000,IFB Agro Industries Limited
NSE,CARBORUNIV,86400,4000,Carborundum Universal Limited
NSE,BHARATGEAR,86400,4000,Bharat Gears Limited
NSE,BBTC,86400,4000,Bombay Burmah Trading Corporation Limited
NSE,GREENPLY,86400,4000,Greenply Industries Limited
NSE,TNPL,86400,4000,Tamil Nadu Newsprint & Papers Limited
NSE,REMSONSIND,86400,4000,Remsons Industries Limited
NSE,EUROTEXIND,86400,4000,Eurotex Industries and Exports Limited
NSE,SHANTIGEAR,86400,4000,Shanthi Gears Limited
NSE,DALMIASUG,86400,4000,Dalmia Bharat Sugar and Industries Limited
NSE,NOCIL,86400,4000,NOCIL Limited
NSE,INDLMETER,86400,4000,IMP Powers Limited
NSE,APOLLOHOSP,86400,4000,Apollo Hospitals Enterprise Limited
NSE,SPIC,86400,4000,Southern Petrochemicals Industries Corporation  Limited
NSE,M&M,86400,4000,Mahindra & Mahindra Limited
NSE,JAYBARMARU,86400,4000,Jay Bharat Maruti Limited
NSE,MANGLMCEM,86400,4000,Mangalam Cement Limited
NSE,NATCOPHARM,86400,4000,Natco Pharma Limited
NSE,KOTAKBANK,86400,4000,Kotak Mahindra Bank Limited
NSE,SREINFRA,86400,4000,SREI Infrastructure Finance Limited
NSE,KAKATCEM,86400,4000,Kakatiya Cement Sugar & Industries Limited
NSE,PREMIERPOL,86400,4000,Premier Polyfilm Limited
NSE,STINDIA,86400,4000,STI India Limited
NSE,SWARAJENG,86400,4000,Swaraj Engines Limited
NSE,BIRLACABLE,86400,4000,Birla Cable Limited
NSE,RIIL,86400,4000,Reliance Industrial Infrastructure Limited
NSE,RELCAPITAL,86400,4000,Reliance Capital Limited
NSE,RELIANCE,86400,4000,Reliance Industries Limited
NSE,SOMANYCERA,86400,4000,Somany Ceramics Limited
NSE,ELGIEQUIP,86400,4000,Elgi Equipments Limited
NSE,HDFCBANK,86400,4000,HDFC Bank Limited
NSE,WIPRO,86400,4000,Wipro Limited
NSE,NILKAMAL,86400,4000,Nilkamal Limited
NSE,ESABINDIA,86400,4000,Esab India Limited
NSE,ANDHRSUGAR,86400,4000,The Andhra Sugars Limited
NSE,SHIVTEX,86400,4000,Shiva Texyarn Limited
NSE,RAYMOND,86400,4000,Raymond Limited
NSE,DELTAMAGNT,86400,4000,Delta Magnets Limited
NSE,TOKYOPLAST,86400,4000,Tokyo Plast International Limited
NSE,BHARATRAS,86400,4000,Bharat Rasayan Limited
NSE,PRAJIND,86400,4000,Praj Industries Limited
NSE,ZODIACLOTH,86400,4000,Zodiac Clothing Company Limited
NSE,LIBERTSHOE,86400,4000,Liberty Shoes Limited
NSE,TIL,86400,4000,TIL Limited
NSE,IDBI,86400,4000,IDBI Bank Limited
NSE,ASHAPURMIN,86400,4000,Ashapura Minechem Limited
NSE,IVP,86400,4000,IVP Limited
NSE,BPCL,86400,4000,Bharat Petroleum Corporation Limited
NSE,ABIRLANUVO,86400,4000,Aditya Birla Nuvo Limited
NSE,UCALFUEL,86400,4000,Ucal Fuel Systems Limited
NSE,STARPAPER,86400,4000,Star Paper Mills Limited
NSE,KESORAMIND,86400,4000,Kesoram Industries Limited
NSE,PRECWIRE,86400,4000,Precision Wires India Limited
NSE,SAKHTISUG,86400,4000,Sakthi Sugars Limited
NSE,SIEMENS,86400,4000,Siemens Limited
NSE,KABRAEXTRU,86400,4000,Kabra Extrusion Technik Limited
NSE,APCOTEXIND,86400,4000,Apcotex Industries Limited
NSE,LUMAXIND,86400,4000,Lumax Industries Limited
NSE,GSFC,86400,4000,Gujarat State Fertilizers & Chemicals Limited
NSE,THERMAX,86400,4000,Thermax Limited
NSE,OILCOUNTUB,86400,4000,Oil Country Tubular Limited
NSE,INDIANHUME,86400,4000,Indian Hume Pipe Company Limited
NSE,DICIND,86400,4000,DIC India Limited
NSE,METALFORGE,86400,4000,Metalyst Forgings Limited
NSE,ITC,86400,4000,ITC Limited
NSE,GMBREW,86400,4000,GM Breweries Limited
NSE,UFLEX,86400,4000,UFLEX Limited
NSE,GTNIND,86400,4000,GTN Industries Limited
NSE,BSL,86400,4000,BSL Limited
NSE,TAINWALCHM,86400,4000,Tainwala Chemical and Plastic (I) Limited
NSE,ASHIMASYN,86400,4000,Ashima Limited
NSE,MANGTIMBER,86400,4000,Mangalam Timber Products Limited
NSE,ONGC,86400,4000,Oil & Natural Gas Corporation Limited
NSE,SUPREMEIND,86400,4000,Supreme Industries Limited
NSE,ZODJRDMKJ,86400,4000,Zodiac JRD- MKJ Limited
NSE,HOTELEELA,86400,4000,Hotel Leela Venture Limited
NSE,JYOTISTRUC,86400,4000,Jyoti Structures Limited
NSE,PDUMJEIND,86400,4000,Pudumjee Industries Limited
NSE,NKIND,86400,4000,NK Industries Limited
NSE,SAIL,86400,4000,Steel Authority of India Limited
NSE,HINDUNILVR,86400,4000,Hindustan Unilever Limited
NSE,BALMLAWRIE,86400,4000,Balmer Lawrie & Company Limited
NSE,SEAMECLTD,86400,4000,Seamec Limited
NSE,CRISIL,86400,4000,CRISIL Limited
NSE,SOTL,86400,4000,Savita Oil Technologies Limited
NSE,CHAMBLFERT,86400,4000,Chambal Fertilizers & Chemicals Limited
NSE,BPL,86400,4000,BPL Limited
NSE,CLNINDIA,86400,4000,Clariant Chemicals (India) Limited
NSE,COROMANDEL,86400,4000,Coromandel International Limited
NSE,APOLLOTYRE,86400,4000,Apollo Tyres Limited
NSE,AUTOLITIND,86400,4000,Autolite (India) Limited
NSE,ASIANPAINT,86400,4000,Asian Paints Limited
NSE,SUDARSCHEM,86400,4000,Sudarshan Chemical Industries Limited
NSE,UTTAMSTL,86400,4000,Uttam Galva Steels Limited
NSE,VLSFINANCE,86400,4000,VLS Finance Limited
NSE,GUJFLUORO,86400,4000,Gujarat Fluorochemicals Limited
NSE,DCW,86400,4000,DCW Limited
NSE,COSMOFILMS,86400,4000,Cosmo Films Limited
NSE,ASHOKLEY,86400,4000,Ashok Leyland Limited
NSE,BASF,86400,4000,BASF India Limited
NSE,GNFC,86400,4000,Gujarat Narmada Valley Fertilizers and Chemicals Limited
NSE,UNIVCABLES,86400,4000,Universal Cables Limited
NSE,CANFINHOME,86400,4000,Can Fin Homes Limited
NSE,PATSPINLTD,86400,4000,Patspin India Limited
NSE,JAYNECOIND,86400,4000,Jayaswal Neco Industries Limited
NSE,MASTEK,86400,4000,Mastek Limited
NSE,EIDPARRY,86400,4000,EID Parry India Limited
NSE,GINNIFILA,86400,4000,Ginni Filaments Limited
NSE,GRASIM,86400,4000,Grasim Industries Limited
NSE,HEG,86400,4000,HEG Limited
NSE,ADORWELD,86400,4000,Ador Welding Limited
NSE,BAJAJHIND,86400,4000,Bajaj Hindusthan Sugar Limited
NSE,PRAKASH,86400,4000,Prakash Industries Limited
NSE,SANGHIIND,86400,4000,Sanghi Industries Limited
NSE,SURYAROSNI,86400,4000,Surya Roshni Limited
NSE,CENTENKA,86400,4000,Century Enka Limited
NSE,TUBEINVEST,86400,4000,Tube Investments of India Limited
NSE,WEIZMANIND,86400,4000,Weizmann Limited
NSE,THIRUSUGAR,86400,4000,Thiru Arooran Sugars Limited
NSE,IFCI,86400,4000,IFCI Limited
NSE,BOMDYEING,86400,4000,Bombay Dyeing & Mfg Company Limited
NSE,HIL,86400,4000,HIL Limited
NSE,SHREECEM,86400,4000,Shree Cements Limited
NSE,VOLTAS,86400,4000,Voltas Limited
NSE,TATACOMM,86400,4000,Tata Communications Limited
NSE,ZUARIGLOB,86400,4000,Zuari Global Limited
NSE,DCMSHRIRAM,86400,4000,DCM Shriram Limited
NSE,BIRLACORPN,86400,4000,Birla Corporation Limited
NSE,FACT,86400,4000,Fertilizers and Chemicals Travancore Limited
NSE,IFBIND,86400,4000,IFB Industries Limited
NSE,ORIENTPPR,86400,4000,Orient Paper & Industries Limited
NSE,LAXMIMACH,86400,4000,Lakshmi Machine Works Limited
NSE,INEOSSTYRO,86400,4000,INEOS Styrolution India Limited
NSE,SESHAPAPER,86400,4000,Seshasayee Paper and Boards Limited
NSE,RUBYMILLS,86400,4000,The Ruby Mills Limited
NSE,RAJSREESUG,86400,4000,Rajshree Sugars & Chemicals Limited
NSE,ABAN,86400,4000,Aban Offshore Limited
NSE,GTL,86400,4000,GTL Limited
NSE,EVERESTIND,86400,4000,Everest Industries Limited
NSE,DHAMPURSUG,86400,4000,Dhampur Sugar Mills Limited
NSE,PHILIPCARB,86400,4000,Phillips Carbon Black Limited
NSE,PIDILITIND,86400,4000,Pidilite Industries Limited
NSE,CUMMINSIND,86400,4000,Cummins India Limited
NSE,DCM,86400,4000,DCM  Limited
NSE,BAJAJHLDNG,86400,4000,Bajaj Holdings & Investment Limited
NSE,HEIDELBERG,86400,4000,HeidelbergCement India Limited
NSE,LML,86400,4000,LML Limited
NSE,ESCORTS,86400,4000,Escorts Limited
NSE,SHREYAS,86400,4000,Shreyas Shipping & Logistics Limited
NSE,CGPOWER,86400,4000,CG Power and Industrial Solutions Limited
NSE,ROLTA,86400,4000,Rolta India Limited
NSE,SBIN,86400,4000,State Bank of India
NSE,SALORAINTL,86400,4000,Salora International Limited
NSE,RSWM,86400,4000,RSWM Limited
NSE,FINCABLES,86400,4000,Finolex Cables Limited
NSE,JAYSREETEA,86400,4000,Jayshree Tea & Industries Limited
NSE,KANORICHEM,86400,4000,Kanoria Chemicals & Industries Limited
NSE,KSBPUMPS,86400,4000,KSB Pumps Limited
NSE,LYKALABS,86400,4000,Lyka Labs Limited
NSE,MAHSCOOTER,86400,4000,Maharashtra Scooters Limited
NSE,MARALOVER,86400,4000,Maral Overseas Limited
NSE,PENINLAND,86400,4000,Peninsula Land Limited
NSE,CIPLA,86400,4000,Cipla Limited
NSE,DSKULKARNI,86400,4000,DS Kulkarni Developers Limited
NSE,EIHOTEL,86400,4000,EIH Limited
NSE,FEDERALBNK,86400,4000,The Federal Bank  Limited
NSE,FINPIPE,86400,4000,Finolex Industries Limited
NSE,FMGOETZE,86400,4000,Federal-Mogul Goetze (India) Limited.
NSE,GIPCL,86400,4000,Gujarat Industries Power Company Limited
NSE,HARRMALAYA,86400,4000,Harrisons  Malayalam Limited
NSE,NAVNETEDUL,86400,4000,Navneet Education Limited
NSE,AARTIIND,86400,4000,Aarti Industries Limited
NSE,ABB,86400,4000,ABB India Limited
NSE,ARVIND,86400,4000,Arvind Limited
NSE,BALRAMCHIN,86400,4000,Balrampur Chini Mills Limited
NSE,RELINFRA,86400,4000,Reliance Infrastructure Limited
NSE,SUNPHARMA,86400,4000,Sun Pharmaceutical Industries Limited
NSE,HIMATSEIDE,86400,4000,Himatsingka Seide Limited
NSE,VINDHYATEL,86400,4000,Vindhya Telelinks Limited
NSE,PDUMJEPULP,86400,4000,Pudumjee Pulp & Paper Mills Limited
NSE,IPCALAB,86400,4000,IPCA Laboratories Limited
NSE,INFY,86400,4000,Infosys Limited
NSE,PEL,86400,4000,Piramal Enterprises Limited
NSE,BLUEBLENDS,86400,4000,Blue Blends (I) Limited
NSE,CESC,86400,4000,CESC Limited
